,d1,d2,d3,d4,d5,d6,d7,d8,d9,d10,d11,d12,d13,d14,d15,d16,d17,d18,d19,d20,d21
"['heroesofthestorm', 'Rainbow6', 'Warframe', 'DotA2', 'wow', 'WWII', 'DestinyTheGame', 'leagueoflegends', 'Overwatch', 'StarWarsBattlefront']",-0.028659597417676538,-0.12001527063144872,0.37352832537049035,-0.2708002904296119,0.0007619846583977972,0.06455226746330642,-0.026952749398024594,0.014827968514821011,0.0871989135882208,-0.04620164398692868,-0.04147212440210806,-0.0032380073473406664,-0.00827122425983184,0.008076833999586691,-0.01511184788718654,0.013083096798721902,-0.004488785756467189,0.009119158311461097,-0.010877421662140795,0.01644798348285661,0.004603495907442168
"['homelab', 'DeltaLog', 'learnpython', 'excel', 'sysadmin', 'learnprogramming', 'buildapcforme', 'hardwareswap', 'SuggestALaptop', 'pcmasterrace']",0.3458956565487545,-0.38381522202289153,-0.23655644606748047,0.05209347932916002,0.0030742225494512993,-0.05467483014412857,0.017519856015429453,0.010809039653949184,-0.06233605453346608,-0.05263964507357352,-0.060648333742511544,0.1273836340208474,-0.03525601628044728,-0.008569486489941356,-0.014898383706838788,0.01336392992573995,0.02435100473201024,0.011412979988524901,0.008426093590666098,0.034150648193815275,0.022151481586063056
"['Csgotrading', 'brasil', 'funkoswap', 'makeupexchange', 'csgo_trading', 'csgotrade', 'SteamGameSwap', 'indiegameswap', 'RocketLeagueExchange', 'GlobalOffensiveTrade']",2.199200512491731,0.8064138816892911,-0.3442814237815824,-0.1718014436808948,0.24000691117238113,-0.32813938938116544,0.059988896028636614,-0.014289935447667408,0.026111307845461257,0.004406708580363426,-0.04965774010105483,-0.031171448912345905,0.0543177541037148,-0.013011699979983617,-0.03264940921045052,-0.01577057999939473,-0.02627794368245655,0.016522053025188072,-0.018469462795624846,0.01623154398804378,0.03340489598656087
"['SkincareAddiction', 'trees', 'ADHD', 'Anxiety', 'keto', 'loseit', 'Drugs', 'stopdrinking', 'AskDocs', 'NoFap']",-0.5791703741402763,0.17837172774160434,-0.37079553619908057,-0.35744078498448645,0.07319820628520034,0.12561833620720805,-0.1589521910918374,-0.04582754903668325,-0.15676802178913082,0.030270664156969218,0.08191865564388652,-0.009706030242020625,0.02765756545089856,-0.027040457567416385,0.04210388352271382,-0.029256007083970907,-0.019886058925173297,-0.05114247660854368,-0.007453713938886532,-0.02809811639896498,0.019637958041829353
"['Guildwars2', 'alwaystesting', 'PS4', 'RocketLeague', 'anime', 'NintendoSwitch', 'xboxone', 'FIFA', 'hearthstone', 'gaming']",0.08156359740696466,-0.2352066195157754,0.15537506206303336,-0.026607308817786543,0.051437755566598596,0.04727821570311403,0.04531575799253696,0.09392075166484566,0.016382781594172013,-0.040397388332689695,0.05925949091622093,-0.06745611603201053,-0.045251679348041064,-0.031651476571956334,0.038469224686479044,0.009021551663222526,-0.02272683117990432,0.028361313454311112,-0.04788909181818479,-0.039633718070612674,0.016869778563429676
"['FFBraveExvius', 'buzzfeedbot', 'Warhammer40k', 'PickupBusinessShares', 'whowouldwin', 'GlobalOffensive', 'nba', 'SquaredCircle', 'worldpowers', 'noveltranslations']",0.5486190027268892,0.20203993646428242,0.2660747824364053,-0.021547812177923724,-0.12641595503177844,0.093793877300267,-0.07309052628969306,-0.013569335370430428,-0.055678052834937715,0.0036609065096890815,0.032345175171002105,0.019528085552253552,-0.008650385353791264,0.023623957733032865,-0.018915887343785444,0.050256798569874715,0.057490120560941896,0.007911795143800771,-0.008549839914638521,0.010257979163873786,-0.031872494559823814
"['CollegeBasketball', 'soccer', 'SteamAccountsForSale', 'CFB', 'pokemontrades', 'mechmarket', 'fantasyfootball', 'SteamTradingCards', 'buildapc', 'autotldr']",1.2619229439959603,0.20902741580206585,-0.06894737594301999,0.020496996148170764,-0.0027709629855624403,-0.008237243682318532,-0.08223929132508735,-0.0006981072892487814,0.032072266378806655,0.01343485666161381,0.08058078543293613,-0.02797060719774124,-0.07091997376765297,0.017597779453975365,0.027462069241552763,0.0029751693297148034,0.02677856421920564,-0.058113709938690174,0.028731167079289795,-0.013144710850657803,-0.017638787302195327
"['MakeNewFriendsHere', 'BDSMpersonals', 'exxxchange', 'FurryKikPals', 'r4r', 'dirtyr4r', 'dirtykikpals', 'Roleplaykik', 'AgeplayPenPals', 'dirtypenpals']",-0.39427909708761555,0.1746995575124331,0.021859664525224053,0.2891167027928529,0.6680324606424711,0.19098829412794974,0.2133371031191953,-0.11303595204040559,0.09826056205397957,-0.14779164484462298,0.13649039423928702,0.06340034140481382,0.07633160678934689,0.04925859143372836,0.018248401817972586,0.018089377573556078,0.10636554074597057,-0.001296390215726896,-0.022030868153278108,-0.0008517174452862228,-0.014190391797044469
"['Entrepreneur', 'PersonalFinanceCanada', 'ApplyingToCollege', 'cscareerquestions', 'jobs', 'noncensored_bitcoin', 'btc', 'CryptoCurrency', 'Bitcoin', 'personalfinance']",-0.017352884862012107,-0.35805864572609236,-0.15298026629980896,0.21483150814696717,-0.17713389292538817,-0.08577122466572921,-0.17598728124768723,-0.19757128505484622,0.08713591525041695,0.02060717813998044,0.059339629323690433,-0.059249941062490825,-0.020799865965338334,0.057735546869126686,-0.0045308720811591515,-0.01031579907126809,-0.027682529712401358,-0.011862836175994613,0.002147885187440742,-0.006894645687265653,0.004609671267200767
"['stupidslutsclub', 'incest', 'gonewildstories']",-0.6770319233168082,1.3530553227310567,-0.48959968364441775,0.32647316607161886,-0.06627371722551595,0.7188653999092584,0.2561548889780539,-0.1715346744469953,0.41544160200496816,-0.0019321061523696161,-0.03188508550549831,0.3228988024532529,-0.43126421161432826,-0.033879420829478056,0.0819682717048926,0.12098932620191362,-0.1959108333154734,0.10772781338949189,0.07142857013584915,-0.045331354932708776,0.10375824958125855
"[nan, 'mcservers', 'OverwatchLFT', 'hacker', 'FindAUnit', 'playrustlfg', 'swgoh_guilds', 'FFXIVRECRUITMENT', 'ClashOfClansRecruit', 'wowguilds']",0.3536723019335288,-0.04214355321081763,0.5271120340826242,0.5562176734536939,0.493177648170193,0.21289178650341353,-0.3685333308632286,0.12214311123745823,-0.11825167713919801,0.24892897601817215,-0.08919346893822788,0.06690074240905898,0.1016939531815198,-0.0808303720523939,-0.017479899354480435,-0.09902415120600964,-0.11534376052606428,-0.044480433339740576,0.0058536190835007515,0.005596115327710387,0.005216292366362952
"['firefox', 'Guitar', 'Twitch', 'iphone', 'apple', 'HomeImprovement', 'electronic_cigarette', 'MechanicAdvice', 'GooglePixel', 'techsupport']",-0.028943676633649648,-0.2614316729915273,-0.29643159027255434,-0.027507189960289155,-0.031330805728360694,0.08765110523887275,0.10130216506644794,0.05761756384299207,0.056249641935782746,0.0325200767586557,-0.06079702157103344,0.01958756465823709,0.05630440311246689,-0.006987439868671041,-0.024829425185588165,0.019162377112002492,0.0001100339768681648,0.02068230455126704,0.026687344253111693,0.012201210688793436,-0.03110148630818503
"['Christianity', 'unpopularopinion', 'conspiracy', 'MGTOW', 'The_Donald', 'exmormon', 'tipofmytongue', 'removalbot', 'copypasta', 'DnD']",-0.14890087900426735,0.06332736167564415,0.24330213312444682,0.01613085109924458,-0.18060131620426553,-0.10881511292076577,0.20899306266709064,-0.02908250120942862,-0.11336034678495123,0.03618335714363246,0.03852262537674917,-0.006176712087226942,0.020722640442249467,-0.002857842978886532,0.013586902784241142,-0.05705542910409288,-0.009006395148978535,0.01084582693133876,0.025955604342613414,-0.01270687245973628,-0.01262935264525422
"['asktransgender', 'dating_advice', 'SuicideWatch', 'sex', 'raisedbynarcissists', 'offmychest', 'Advice', 'relationship_advice', 'depression', 'relationships']",-0.8882951482489554,0.3341878574214381,-0.031985656300319264,0.045712852323267945,0.13355168348441043,-0.2586056745427503,-0.06692289507453666,0.03552877915178838,0.030876170523676194,0.0217337081422779,-0.0447365106250264,-0.001402567445756428,-0.06940434804575032,-0.004126844090411011,-0.037138380733822855,0.021700961441460134,0.04780117446895312,-0.018754844380748596,0.004347693470408447,0.017931784266471098,-0.014503768017417313
"['Jokes', 'weddingplanning', 'Parenting', 'beyondthebump', 'SevenKingdoms', 'breakingmom', 'nosleep', 'dogs', 'JUSTNOMIL', 'legaladvice']",-0.38033983848985164,0.530589229058212,-0.06886681910265713,0.277721493114637,-0.3295915843424591,0.10124451923283574,-0.02199626377479598,0.040174495974563434,-0.013827514773548124,-0.05467880768285009,-0.09107410814074833,-0.06265968495236088,0.07419080939619409,0.01960184633904537,0.024894901973595594,0.023945795880524944,-0.02174312333107841,0.0014164480912712658,-0.020726329283034056,-0.0014061748682092732,0.03475470847904833
