subreddit,count(1),sum(wordcount),ingestfreq,causefreq,insightfreq,cogmechfreq,sadfreq,inhibfreq,certainfreq,tentatfreq,discrepfreq,spacefreq,timefreq,exclfreq,inclfreq,relativfreq,motionfreq,quantfreq,numberfreq,swearfreq,functfreq,absolutistfreq,ppronfreq,pronounfreq,wefreq,ifreq,shehefreq,youfreq,ipronfreq,theyfreq,deathfreq,biofreq,bodyfreq,hearfreq,feelfreq,perceptfreq,seefreq,fillerfreq,healthfreq,sexualfreq,socialfreq,familyfreq,friendfreq,humansfreq,affectfreq,posemofreq,negemofreq,anxfreq,angerfreq,assentfreq,nonflfreq,verbfreq,articlefreq,pastfreq,auxverbfreq,futurefreq,presentfreq,prepsfreq,adverbfreq,negatefreq,conjfreq,homefreq,leisurefreq,achievefreq,workfreq,religfreq,moneyfreq
tipofmytongue,67451,10411335,0.0026327075,0.0110940624,0.0360247749,0.1822849807,0.0022391941,0.0032936218,0.0121555017,0.0434241142,0.0130741159,0.0681371793,0.0436390722,0.0343840631,0.0456310358,0.135206388,0.0192548794,0.0324634641,0.0097788612,0.00212576,0.5968782101,0.0080733162,0.0839624313,0.1534020373,0.0018002494,0.0451792205,0.0200906032,0.0081514042,0.069439606,0.0087403777,0.0031782668,0.0171344981,0.0079788039,0.0107256178,0.0038018179,0.0290901215,0.0136360995,4.86008758723065E-05,0.0041704546,0.003999295,0.0988147053,0.0082771326,0.0018173462,0.0156868452,0.0420193952,0.0256216902,0.0162782198,0.0019523913,0.0076811475,0.0019883137,0.0008321699,0.14486173,0.0971959888,0.0492767738,0.0939867942,0.0073496819,0.077299501,0.1254023619,0.0478676366,0.0147361506,0.0673968324,0.0044823262,0.0333509584,0.0126682121,0.0145901558,0.0026788111,0.0034535437
HomeImprovement,11895,2344913,0.0055874141,0.0148436211,0.0202638648,0.1733109075,0.0025817589,0.0052718374,0.0112712071,0.0355748806,0.0211466268,0.0964914263,0.0418164768,0.0295204982,0.052744814,0.1655272498,0.0213803241,0.0339880413,0.0078395233,0.0014815049,0.590035963,0.0081017931,0.0733182852,0.1295173851,0.0096242377,0.0492790138,0.004815104,0.0045528342,0.0561990999,0.0050466691,0.000754399,0.0187303324,0.0042027146,0.0027651346,0.0089427625,0.0248486831,0.0105010292,6.3968258097422E-06,0.0060458533,0.0032598224,0.051411289,0.0058505369,0.0012934382,0.0021118054,0.0368580839,0.02123405,0.0154743481,0.0019433557,0.0038743442,0.001361671,0.0011279736,0.1440015045,0.0948542654,0.0270018547,0.0981059852,0.0117701595,0.0923974578,0.1441473522,0.0486926381,0.0149549258,0.0654727915,0.0252631974,0.007453155,0.0161856751,0.0125305289,0.0008375577,0.0089922313
jobs,37399,9155541,0.0014140071,0.0163209361,0.0258477353,0.1750961522,0.0025626012,0.004376257,0.0116932467,0.0326139111,0.0225408854,0.0665163315,0.0600524862,0.0312904502,0.0463548795,0.1493924827,0.0180336694,0.03150147,0.0075650363,0.001731629,0.5965622348,0.0085918462,0.1117738427,0.161770779,0.0038691324,0.0844125978,0.0074878153,0.0073800117,0.0499969363,0.0086237394,0.0004186536,0.0096519692,0.0032989858,0.0047949105,0.0045371431,0.0174517268,0.0056031642,0.000056687,0.0034984279,0.0020768844,0.0819809556,0.0036605155,0.0012001475,0.0049102505,0.04177503,0.0273099099,0.0137498155,0.0028828444,0.0035405882,0.0012093223,0.0015802452,0.1559417406,0.0703930003,0.0365428979,0.1015962902,0.012529134,0.0932753182,0.138416288,0.0502852863,0.0178958294,0.0681296714,0.0024576374,0.0066957267,0.0257418977,0.0722977484,0.0006315301,0.0136154707
r4r,85237,18331296,0.0056618474,0.0105376619,0.0206520041,0.19280879,0.0026750973,0.0033441716,0.0121541325,0.0479178886,0.0238790536,0.0615986453,0.0446498164,0.0423493789,0.0573449908,0.1281568417,0.0176239585,0.0339722843,0.0053020801,0.0027527241,0.5876876899,0.0097895424,0.1199471658,0.1708564959,0.0069780664,0.0874983962,0.002720375,0.020151603,0.0509093301,0.0025963249,0.0010269869,0.0275579533,0.0077716818,0.0071400844,0.0065682754,0.0301391129,0.0149885202,5.46606197401428E-05,0.0060238512,0.0099099922,0.105657396,0.0046849934,0.0050860561,0.0128457366,0.0745412654,0.0562167018,0.0172303148,0.0029901868,0.0057263273,0.0040962734,0.0021658043,0.1513025047,0.0569027962,0.0136469347,0.0999263227,0.0105319886,0.1120220851,0.1343358375,0.0568338431,0.0182671754,0.0795649691,0.0028467163,0.0315051374,0.0143701787,0.0173651116,0.0031132551,0.0045855459
dogs,28343,7323701,0.0075710355,0.0132738898,0.0201271188,0.1819478977,0.0036231681,0.0066929275,0.0128425505,0.0343258142,0.0192308506,0.0649080294,0.0632439801,0.0331511349,0.0591689912,0.157053244,0.0246085961,0.0311412222,0.0080056518,0.0011819161,0.6264485675,0.0102691249,0.1287674087,0.1747508534,0.0133122584,0.0517190694,0.0497446578,0.0059535473,0.0459834447,0.0080378759,0.0009308135,0.0279127998,0.0100711375,0.0040740331,0.0057705797,0.0194864591,0.00722012,1.39273845286693E-05,0.0080657307,0.0030204674,0.119308803,0.007315427,0.003192375,0.0058837738,0.0498368243,0.0291317191,0.0202734929,0.0047086849,0.0056946618,0.0017398307,0.0014761662,0.1763213708,0.0662812422,0.0381049144,0.1193576854,0.010957165,0.1135421831,0.1311969181,0.0558804899,0.0191744584,0.0764909709,0.0120678056,0.0109425549,0.0132931424,0.010301349,0.0005476739,0.0045324079
diabetes,6038,1350181,0.0174702503,0.0181753409,0.0249781326,0.1784597769,0.0055051878,0.0056199872,0.013124907,0.0358448238,0.018730822,0.0607792585,0.06830936,0.0321705016,0.0479409798,0.1537060587,0.0197447601,0.0321830925,0.0072190321,0.001790871,0.5899001689,0.010383793,0.1117835312,0.1643053783,0.0032817822,0.0852648645,0.0103378732,0.0078982003,0.0525218471,0.0049993297,0.0007739703,0.0560917388,0.0118613727,0.0037446831,0.0073264251,0.0224036629,0.00565776,2.96256575970185E-05,0.0270371158,0.0017953149,0.0644720967,0.0055370354,0.00121243,0.0042053621,0.0459516169,0.0239553067,0.0216482086,0.004569017,0.0047697309,0.0018523442,0.0015153524,0.1609961924,0.0600475047,0.0429697944,0.1032794862,0.0092920875,0.0967781357,0.1325355638,0.0562828243,0.0178346459,0.0726784039,0.0025026274,0.0082300077,0.0157541841,0.0199254767,0.0005177084,0.0056355407
asktrp,14454,4302731,0.0039814248,0.0174735534,0.0258356844,0.1895895886,0.0039749173,0.0053835576,0.0142567593,0.0326820338,0.0197697695,0.0609382739,0.0615664795,0.0335940127,0.055560759,0.1486193304,0.0206171383,0.031599698,0.0069418702,0.0069065438,0.6154421459,0.0104833419,0.1416632832,0.1947656035,0.0069820772,0.0840821794,0.0376096019,0.0078719771,0.0531023204,0.0051137289,0.0005803291,0.0259937235,0.008597098,0.0061923462,0.0067715133,0.0218470548,0.007921713,0.0001770968,0.0061895573,0.0090033516,0.1254914611,0.0057135805,0.005116053,0.0169792162,0.060146916,0.033758327,0.0256955408,0.0037824814,0.0114715514,0.0023640799,0.0012057458,0.1624614692,0.0550803664,0.0420054147,0.0993852509,0.0094521363,0.0986134155,0.1332786084,0.0571541656,0.0212604506,0.0741905548,0.0033085963,0.0114766645,0.0171644474,0.0158552789,0.0011864558,0.0054544428
electronic_cigarette,65963,14366422,0.0083209306,0.0167442527,0.0209121659,0.1740581615,0.0022297828,0.0053999528,0.0136310906,0.0334893406,0.0180649016,0.0612240821,0.0484073209,0.0325390692,0.0496929576,0.1346859364,0.0176726676,0.0347318908,0.0082131097,0.0030568502,0.5726817714,0.0105057474,0.0920070425,0.149973807,0.0053512976,0.0657500524,0.0038262137,0.0098741357,0.0579667644,0.0072049951,0.0007272514,0.0215428727,0.0058409115,0.0031658544,0.006302822,0.0290054824,0.0081554057,2.86083758363773E-05,0.0046390117,0.0037359337,0.0615175442,0.0048731688,0.0013548259,0.0042627872,0.0484677396,0.0332649285,0.0148091153,0.0017319552,0.0060696393,0.0038734766,0.0015721381,0.1441533598,0.0739368508,0.0332684784,0.0898791641,0.0100918656,0.0894909672,0.1296978468,0.0519872659,0.0171628677,0.0687329107,0.00207804,0.0062399671,0.0181021412,0.0142464143,0.0009137279,0.0120670268
reddit.com,77527,20530436,0.0041601162,0.0177901726,0.0228749161,0.1684048015,0.0035344111,0.0059348472,0.0142636036,0.0281804536,0.0167785039,0.0646930732,0.0462549846,0.0269646977,0.0488061237,0.1370168661,0.0200474554,0.0313461926,0.0075219542,0.0034621768,0.5558341771,0.0106705966,0.0923414388,0.1430919441,0.0095230808,0.0439746628,0.0138384299,0.0165150414,0.0507505052,0.0084854993,0.0018892926,0.0229592299,0.0083311431,0.0053020793,0.0053890234,0.022104645,0.0099092391,4.82697980695588E-05,0.0071338475,0.0048707197,0.1028412645,0.0079245273,0.0025771981,0.009941971,0.0532889803,0.031932298,0.0207823156,0.0027354509,0.0086511071,0.0024611752,0.0014034285,0.1366971456,0.0712893287,0.0313516966,0.0865836459,0.0101710456,0.0833751412,0.1332076922,0.0440927801,0.0160081354,0.0631977811,0.005356876,0.0138584003,0.0186174322,0.0264264724,0.0031144979,0.0138192876
keto,53620,11687089,0.0374131659,0.0164377973,0.022330197,0.1684181578,0.0074021854,0.0048750377,0.0131491255,0.0323897593,0.0159735243,0.0600174261,0.0669438728,0.0307521402,0.0478359496,0.1523276669,0.0205406154,0.035925627,0.0076172946,0.0017600619,0.5611307486,0.0108970677,0.1017758999,0.1497256502,0.0024215611,0.084065245,0.0038252468,0.0079346534,0.0479497504,0.0035272256,0.0005402543,0.0580368644,0.0120622851,0.0026708961,0.0113011889,0.0279985033,0.0074392349,4.28678176404749E-05,0.0143256375,0.0022312656,0.0496373391,0.0061570507,0.0017544146,0.0049774585,0.0491807669,0.0278839324,0.0209753686,0.0031809461,0.0053001222,0.0023067335,0.0013183779,0.1465592501,0.0558590766,0.0387045055,0.0943854368,0.0084029479,0.0876263542,0.1304323087,0.0544611237,0.0167861304,0.0719781461,0.0026020166,0.011219817,0.0212840854,0.0126939223,0.0007774391,0.0039080733
cancer,4338,1159008,0.0034615809,0.0144166391,0.0264838552,0.1800108369,0.0053511279,0.0043071316,0.0137410613,0.0333638767,0.018887704,0.056273986,0.0642825589,0.0314113449,0.0519892874,0.1457729369,0.0197065076,0.0314165217,0.0073226414,0.0016945526,0.6087360916,0.0112967296,0.1223736161,0.1788244775,0.0070413664,0.0687363677,0.0327331649,0.0072950316,0.0564508614,0.0065676855,0.0021889409,0.0527623623,0.0138851501,0.0049076452,0.0076116817,0.0211413554,0.0074874375,1.8118943096165E-05,0.0326874362,0.0044218849,0.1092572269,0.0134951614,0.0019904953,0.0051863318,0.0537123126,0.0297323228,0.0234959552,0.0053338717,0.0052311977,0.0012786797,0.0014339849,0.1691135868,0.0574137538,0.0474854358,0.1082520569,0.0098196044,0.0986956087,0.1330396339,0.0537968677,0.0199610356,0.0708994243,0.0047066112,0.0072786383,0.0149412256,0.0154088669,0.0013106036,0.0046349982
MGTOW,903,365037,0.0030106537,0.0188309678,0.0267835863,0.1783983541,0.0046461044,0.0060158285,0.0166394092,0.0293860622,0.0185625019,0.0587502089,0.044825593,0.0291532091,0.0478937752,0.1262693919,0.0169599246,0.0345718379,0.0063582596,0.0052597408,0.5825519057,0.0117412755,0.1003213373,0.1552993258,0.0059528212,0.0479704797,0.0173407079,0.0154997987,0.0549779885,0.0135493114,0.00158888,0.0261617316,0.0073280243,0.0049638804,0.0045009136,0.0187570027,0.007925224,8.49228982267551E-05,0.0081252037,0.0095332802,0.1313154557,0.008933341,0.0028846391,0.0328569433,0.0615636223,0.0328761194,0.0277149988,0.0036270296,0.0129877245,0.001961445,0.0012628857,0.1471111148,0.0665521577,0.0303092563,0.095327323,0.0100948671,0.0928234672,0.1358656794,0.0475540836,0.020781455,0.06773286,0.0033202114,0.010681109,0.0182940359,0.0195925345,0.0024326301,0.0096099847
Advice,54369,17155287,0.0030378973,0.0169518003,0.0262515573,0.1922262216,0.0049779406,0.0049035029,0.0144017993,0.031190851,0.0214781018,0.0614133707,0.0612504472,0.0349046332,0.0563211796,0.1484384377,0.0206239627,0.0308614481,0.0070419108,0.0027846226,0.6286551778,0.0118115191,0.1410280691,0.196117675,0.0079852351,0.0918383936,0.0301104843,0.0043065441,0.0550896059,0.0067864793,0.0010395046,0.0186080245,0.0055034346,0.0057458671,0.0065937107,0.018832037,0.0055808451,6.09141659944249E-05,0.0069501023,0.0040089682,0.1114473923,0.0096579556,0.0056662415,0.0085566624,0.0550722352,0.0295192963,0.0249658312,0.0050144308,0.0079386023,0.0016747607,0.001258679,0.1689283892,0.0551786164,0.0430386271,0.1052000471,0.0104661612,0.1022423,0.1351796679,0.0581922063,0.022944297,0.0763603663,0.006977266,0.0093180604,0.0167258642,0.0283927631,0.0011931016,0.00948862
Asthma,463,105784,0.0043862966,0.0206458444,0.0241151781,0.1813695833,0.0025523709,0.0065699917,0.0130170914,0.0376994631,0.0182919912,0.0572298268,0.0739431294,0.0347973228,0.0473039401,0.1538039779,0.0191144218,0.0322260455,0.0079028965,0.0013707177,0.5964228995,0.0119961431,0.1106500038,0.163493534,0.0032330031,0.0895787643,0.0073924223,0.0065321788,0.0528435302,0.0039136353,0.0008129774,0.0632137185,0.0157396204,0.0032330031,0.0096611964,0.0258356651,0.0047833321,3.78129017620812E-05,0.042520608,0.0013329048,0.0532311125,0.0050291159,0.0010682145,0.0039230886,0.0466611208,0.0223285185,0.0240490055,0.0050480224,0.0065132723,0.0015030628,0.0017866596,0.1639472888,0.0625236331,0.0458008773,0.1051198669,0.0081864932,0.0978408833,0.1298589579,0.0549515995,0.0199463057,0.0764387809,0.0046037208,0.0095004916,0.0168929139,0.0154938365,0.0005766468,0.0039230886
trees,150541,35282973,0.012397538,0.0163180127,0.0250246769,0.1849567495,0.0033575119,0.0051877148,0.0148556642,0.0301566991,0.0171736378,0.0668886378,0.0593777344,0.0302201858,0.059753383,0.1540966233,0.0221446475,0.0313136594,0.0083535761,0.0046418707,0.5999281296,0.0121181682,0.119514957,0.1739852251,0.0123184064,0.0759444789,0.0141681088,0.0108850521,0.0544702681,0.0061965867,0.0011846507,0.0330005638,0.0090827947,0.0061343754,0.0070616215,0.0252608532,0.008574816,6.28915256092507E-05,0.0086653129,0.0041540717,0.0941074892,0.0079609505,0.0053240128,0.0075158066,0.0544284633,0.0325039786,0.0214766199,0.0035798571,0.008803113,0.0031252752,0.0012093936,0.1524760399,0.0647434387,0.0470035788,0.0909190391,0.0089498127,0.0848489157,0.1333839413,0.0562344335,0.0171765854,0.0757986012,0.0066787172,0.0106249833,0.0143005806,0.0151766406,0.002033162,0.0058857002
relationships,258814,133140136,0.002867505,0.0173069149,0.0277807062,0.2036054402,0.0055855283,0.0049081218,0.0151198208,0.0288609665,0.0215824475,0.059581913,0.068606855,0.0346811949,0.0665689571,0.1532307207,0.0198095862,0.0310205331,0.0069386965,0.0022215089,0.6439972091,0.012123354,0.1606985966,0.2179608559,0.0153657046,0.0825925399,0.0550357933,0.003582864,0.0572622594,0.0041211239,0.0006844367,0.0186788678,0.0050109908,0.0067966056,0.0081034693,0.0212493324,0.0056388931,6.55249443338408E-05,0.0051623426,0.0064733297,0.149237417,0.0085074496,0.0083418647,0.008479066,0.0608109338,0.0330459629,0.0271027138,0.0058808337,0.0087597552,0.0017816866,0.0011701956,0.1729658365,0.0464751065,0.0553051185,0.1028002104,0.0092577268,0.0955041461,0.1349602873,0.0608674157,0.0235981207,0.0788942186,0.0052073929,0.0080565262,0.0138133478,0.0123574832,0.0009867498,0.0044886014
askgaybros,15936,4851886,0.0028986666,0.0161559855,0.0304790756,0.2108116308,0.004252367,0.0047439284,0.0153148693,0.0356659245,0.0214860778,0.0622069439,0.0624070722,0.0402727929,0.0628866795,0.1480061568,0.0188302033,0.0325572365,0.0073324064,0.0036744474,0.637673886,0.0121598075,0.1462155129,0.2061773504,0.0108106415,0.0905635458,0.0341151874,0.005839791,0.0599618375,0.004883874,0.0006414001,0.0280270394,0.0079002268,0.0058092874,0.0093448197,0.0228486407,0.006455634,9.02741737955096E-05,0.005186849,0.0141518164,0.1250495168,0.0065213816,0.0067950896,0.0138902687,0.0596285651,0.0354917655,0.0234947812,0.0056038003,0.0071753541,0.0023139455,0.0012681666,0.1737579984,0.0500430142,0.0487325959,0.1058555374,0.0093810943,0.1018704891,0.132715814,0.0646969034,0.0231431654,0.0801531611,0.004129116,0.0088938611,0.0131223199,0.0115235601,0.00120819,0.0029726585
relationship_advice,137996,56568255,0.0027305597,0.0167778554,0.028146281,0.2067602934,0.0053942622,0.0047702373,0.0152305741,0.0301669726,0.0219247173,0.0595710439,0.0700716329,0.0361007954,0.0674150369,0.1544015102,0.0196338918,0.0317799444,0.0070446932,0.0022609147,0.6481506456,0.0121709782,0.1617287823,0.2199288099,0.0157477016,0.0829377537,0.0554829913,0.0040459972,0.0582000276,0.0035135784,0.0006069482,0.0186213275,0.0050299236,0.0067657205,0.0081149224,0.0214820839,0.0058893102,7.74816193287207E-05,0.0046882479,0.0069749367,0.1493066031,0.006689105,0.008061624,0.009305272,0.0610027479,0.034277087,0.0260614898,0.005584139,0.0083005919,0.0018834592,0.0012118104,0.1743382927,0.0466194511,0.0539988904,0.1033906561,0.0093516761,0.0981003038,0.1343073072,0.0621735813,0.0235136474,0.0794521061,0.0044008075,0.0079762934,0.0135895124,0.011669195,0.0009568618,0.0038670629
asktransgender,29972,8477557,0.0016412747,0.0186392141,0.0363417197,0.2085835577,0.0042441472,0.0046177218,0.0156726755,0.0402544035,0.0237673424,0.0548429223,0.0545152336,0.0401882288,0.0482716896,0.1319385998,0.0178274236,0.0330282651,0.0061005783,0.0023003089,0.6207753012,0.0121740261,0.1273001172,0.1892387158,0.0031323883,0.0976701189,0.0113052616,0.0084090263,0.0619385986,0.0067776601,0.0010308394,0.0277700286,0.0111637114,0.0057648683,0.0103132306,0.0240942054,0.006709716,3.8100599028706E-05,0.0107006063,0.0064439555,0.0912624946,0.0075925175,0.0027261391,0.0167637917,0.0525318792,0.0288614987,0.0229737175,0.0063206888,0.0060260285,0.0018789611,0.0012472933,0.1750296695,0.0530287204,0.0372550724,0.1112839465,0.0110928184,0.1092998844,0.1315204368,0.0627188941,0.0224063371,0.0793832468,0.0027641218,0.0067169115,0.0135727781,0.0131524919,0.0011477363,0.0037097952
CasualConversation,14383,3124731,0.0042227635,0.0162244366,0.0264179541,0.1875633455,0.0044973471,0.00441414,0.0144415631,0.0330306833,0.0178405757,0.0622053546,0.0613281591,0.0353313613,0.0531380141,0.1493200535,0.0207435456,0.0319035463,0.0080314113,0.0034530972,0.6130902148,0.0122029704,0.1269210054,0.186349801,0.0077625882,0.084281815,0.0178469763,0.0104761018,0.0594287956,0.0065509639,0.0013143531,0.0211445401,0.0072499041,0.0065823266,0.0076944223,0.0237658858,0.0080166901,5.7284931086868E-05,0.006063882,0.0045066279,0.1010416577,0.0069996425,0.0044080594,0.0102847253,0.0586591294,0.0353179202,0.0227520385,0.0042269239,0.0074633624,0.0028408845,0.0013930799,0.1634156668,0.0601376566,0.045562642,0.0997919501,0.0090049351,0.0961621976,0.1311863325,0.0618776464,0.0201978986,0.0749914153,0.0054007849,0.0147628708,0.0155558991,0.0213448774,0.0019790504,0.0064248731
ADHD,18733,5528653,0.0036940282,0.0205078886,0.0325916638,0.1957270605,0.0051654535,0.0057044636,0.015094816,0.0348374188,0.0192356077,0.0559919387,0.0654649514,0.0356166321,0.0494559886,0.1428655407,0.016407975,0.0330266703,0.0071474914,0.0024705837,0.6084523662,0.012226848,0.1190336959,0.1779252559,0.0031005744,0.0948601766,0.0077606607,0.0084004187,0.05889156,0.0049093332,0.0006068386,0.0300329936,0.0067935173,0.0049433379,0.0080251012,0.0196863504,0.0051665388,3.45472938887646E-05,0.0179915433,0.0022464785,0.067291617,0.0049572654,0.0014690739,0.0064256158,0.0524652207,0.026511521,0.0251685175,0.0064979661,0.0060564481,0.0017693279,0.0016159451,0.1646907484,0.0592641643,0.0408987506,0.1028983009,0.0086152992,0.1027342465,0.1336535319,0.0569482295,0.021129559,0.0744678677,0.0033047833,0.0088209551,0.0233858048,0.0322098348,0.0010646355,0.0043473519
TwoXChromosomes,73501,24468539,0.0036890637,0.0182205811,0.0281152463,0.1950875367,0.0050774997,0.0054213699,0.0151940416,0.0320099619,0.0204204673,0.0577619694,0.0604783964,0.0356167567,0.0550029979,0.1418755325,0.0186664598,0.0307332203,0.0075465887,0.0027365753,0.6256760569,0.0122964023,0.1400582193,0.19884902,0.0078626681,0.0884996444,0.0299789047,0.0076323723,0.0587908007,0.0060822593,0.0008609423,0.0291843334,0.0092387617,0.0060081233,0.0091901278,0.0234261228,0.0066975392,7.14386747815225E-05,0.0106558875,0.0083554233,0.1166994891,0.0084217942,0.0055044562,0.0127788995,0.0599088487,0.0311694131,0.0280962831,0.0061053911,0.0090356846,0.0021560339,0.00114825,0.1713342591,0.0534687012,0.0492121332,0.1053152377,0.0090272656,0.0998059999,0.1299797671,0.0597861196,0.0231451089,0.0770319389,0.0047844295,0.0080928003,0.0143635057,0.0153804034,0.0011963526,0.0047410268
Drugs,41482,13134565,0.0077420151,0.0171472751,0.031036734,0.1935701715,0.0039715057,0.005142538,0.0160143865,0.0342555692,0.0174163362,0.0647282952,0.0622668509,0.031799835,0.0562960403,0.1545642357,0.0225884907,0.0348054922,0.008789328,0.0041501945,0.5990108542,0.0125391286,0.1100867825,0.1670509073,0.0078888795,0.0799060342,0.0098093846,0.0071454213,0.0569641248,0.0053334846,0.0013938794,0.0368944841,0.0107434087,0.005809176,0.010155342,0.0301953662,0.0087253746,3.26619115288553E-05,0.0161384104,0.003605068,0.0702459503,0.0048716497,0.0040116289,0.0058782305,0.054072061,0.0302924383,0.0231846277,0.0050301628,0.0077762758,0.0022704977,0.0012387925,0.1568989152,0.0621894216,0.0547148687,0.0944416507,0.0086939309,0.0810341264,0.1340903182,0.0564270686,0.0176673533,0.0747689779,0.0045059734,0.009999646,0.0157473049,0.0124486041,0.0020376769,0.0036100168
teenagers,36038,9102581,0.0028985186,0.0166351719,0.0255195752,0.1948379256,0.0045713408,0.004411496,0.0150825354,0.0327389561,0.0199711488,0.0582636947,0.0609719375,0.0372499844,0.058092095,0.1443482898,0.020169664,0.0310118636,0.0078372277,0.0059218369,0.6243572015,0.0128333931,0.1433584606,0.2019599716,0.0103220175,0.0835356477,0.0311115056,0.0120430678,0.0586015109,0.006344684,0.001125505,0.0205464802,0.0076059746,0.0075079804,0.0066533876,0.0219090607,0.0067970832,0.0001006308,0.0047426109,0.0064244416,0.1287453526,0.006780055,0.0073172653,0.0123438616,0.0632241559,0.0364086845,0.0262682639,0.0042675808,0.0105211917,0.002960479,0.0014060847,0.1693974489,0.0528243583,0.0459939879,0.1012553472,0.0099150999,0.1011983305,0.1283366773,0.0622499267,0.0230913628,0.0786881215,0.0038531928,0.0114909167,0.0134248737,0.0199869685,0.0017675207,0.0036651143
stopdrinking,33946,9692238,0.0241963724,0.0165722303,0.028122607,0.1839347115,0.0090705573,0.0062879182,0.0158655823,0.0287287621,0.0183197111,0.0573303091,0.0762301751,0.0333004617,0.0497612626,0.1587335144,0.01995958,0.0321583106,0.0089391119,0.0067087705,0.6107110659,0.0130929513,0.1235841505,0.1799727782,0.0041718951,0.0990672123,0.0087076896,0.0075423241,0.0563886277,0.0040905929,0.0011703179,0.0441432619,0.0072124725,0.0042295701,0.0088254127,0.0197307371,0.0053188954,4.99368670063612E-05,0.0144713739,0.0027565357,0.069848161,0.0058758359,0.0033503098,0.0066498573,0.0643767724,0.033455431,0.0303104402,0.0061580205,0.0077483652,0.0021425392,0.0012752473,0.1653678954,0.0590169164,0.0487132074,0.1034758948,0.0088581192,0.0950818583,0.1336063972,0.0566394469,0.0224321772,0.0710733682,0.0047929075,0.0251578634,0.0195631804,0.0151374739,0.0018703627,0.0045819139
Anxiety,35705,10714211,0.0036585988,0.0188067045,0.0319586762,0.19789054,0.0067442204,0.0054099177,0.0156091755,0.0345806145,0.0189845991,0.0573978803,0.0671751751,0.0371270456,0.0511943437,0.1495531496,0.0199926994,0.0312223644,0.0066648865,0.0024459104,0.6222122189,0.0136796821,0.1324778838,0.1936401103,0.0032740628,0.1075073097,0.0110065034,0.0056267326,0.0611622265,0.0050608486,0.0015693176,0.0312444845,0.0101150705,0.004537805,0.0114881068,0.0226701714,0.0051075156,3.53735800050979E-05,0.0155308683,0.0026926854,0.0717147534,0.005537972,0.0031871689,0.0069223949,0.0717605804,0.0253836703,0.0457991727,0.0201421271,0.0091668906,0.0016573316,0.0013282359,0.1735693837,0.0513086778,0.0436995314,0.1075200964,0.0086346069,0.1079401927,0.13240947,0.0624401554,0.0227389586,0.0779764371,0.0043621504,0.0075861862,0.0168206506,0.0192599343,0.0011766615,0.0034975044
raisedbynarcissists,51248,25187486,0.0036607862,0.0197002194,0.0243030607,0.1831827122,0.0053507524,0.0059288569,0.0160879891,0.026005414,0.0193931224,0.0553071474,0.0586572634,0.0303073518,0.0539633054,0.140438351,0.0214054313,0.0273297224,0.0065049763,0.0033974014,0.6277830586,0.0139932981,0.1582122964,0.2128221927,0.0067860683,0.0924006072,0.0409679632,0.009927946,0.0546098964,0.0081279251,0.0014717229,0.0212155354,0.0063957951,0.0077491259,0.0060934227,0.0198632368,0.0051697895,0.0001074343,0.008282486,0.0037839028,0.1383350049,0.0205470288,0.0029262944,0.0079105156,0.0582615113,0.0257751409,0.0318736455,0.0058288469,0.0123569696,0.0018344427,0.0011525962,0.1654229009,0.0490852878,0.0545861147,0.1005443735,0.0092773451,0.0885403569,0.1317719045,0.0574226423,0.0234119038,0.0765697299,0.0082108631,0.0085830718,0.0132287121,0.0144063207,0.0017724278,0.006643696
depression,129882,46103428,0.0030942818,0.0186288967,0.032644514,0.2010596913,0.0128169211,0.004838946,0.017833316,0.0321939835,0.020378463,0.0567710713,0.0641255353,0.0376162701,0.0510612356,0.1440027627,0.0182417238,0.0320721704,0.0067863066,0.004223764,0.634367991,0.0160731649,0.1443344517,0.204735123,0.0038919666,0.1131608261,0.0154807577,0.0057714363,0.0604006713,0.006025886,0.00307732,0.0263289315,0.0069440606,0.0046305234,0.0112810267,0.0224180293,0.005608455,5.08638967150122E-05,0.0124779008,0.0046185503,0.0862453872,0.0077397715,0.0049072924,0.0089595073,0.0709865653,0.0309314743,0.0392588811,0.0067050112,0.0110161657,0.0015987965,0.0011736871,0.1790422612,0.0484229502,0.0444770831,0.1086389498,0.0087523644,0.1122490284,0.1316160048,0.0630282416,0.0278794019,0.0752534714,0.0048341742,0.0083349767,0.0172154878,0.0192144714,0.0014544472,0.0043676362
SuicideWatch,56182,20043351,0.0028088617,0.0179984375,0.030509569,0.1963211641,0.0110471048,0.0052350528,0.018552287,0.0302257342,0.0216807559,0.0551949622,0.0618669004,0.0368258282,0.0491305571,0.1402299945,0.0182447037,0.0316718497,0.0069195016,0.0052014256,0.637707088,0.0170954947,0.1493583583,0.2087644426,0.0034876903,0.1181167261,0.016023618,0.0052625931,0.0594060843,0.0064632905,0.0063948888,0.0287229915,0.007213664,0.004513866,0.0093138617,0.0198888898,0.0053801882,5.07899103298645E-05,0.0138688386,0.0057405072,0.0870190818,0.0090114173,0.0047582363,0.0090875523,0.0703718655,0.0297408353,0.0400405601,0.0061703255,0.0137890615,0.0015195563,0.0010710285,0.1840125436,0.0480078406,0.0435970512,0.1134777812,0.0102838592,0.1162558097,0.129236673,0.0616244759,0.0312641334,0.0728441566,0.0050486568,0.007597532,0.0169698171,0.0176396651,0.0016099104,0.0051714406
subreddit,count(1),sum(wordcount),ingestfreq,causefreq,insightfreq,cogmechfreq,sadfreq,inhibfreq,certainfreq,tentatfreq,discrepfreq,spacefreq,timefreq,exclfreq,inclfreq,relativfreq,motionfreq,quantfreq,numberfreq,swearfreq,functfreq,absolutistfreq,ppronfreq,pronounfreq,wefreq,ifreq,shehefreq,youfreq,ipronfreq,theyfreq,deathfreq,biofreq,bodyfreq,hearfreq,feelfreq,perceptfreq,seefreq,fillerfreq,healthfreq,sexualfreq,socialfreq,familyfreq,friendfreq,humansfreq,affectfreq,posemofreq,negemofreq,anxfreq,angerfreq,assentfreq,nonflfreq,verbfreq,articlefreq,pastfreq,auxverbfreq,futurefreq,presentfreq,prepsfreq,adverbfreq,negatefreq,conjfreq,homefreq,leisurefreq,achievefreq,workfreq,religfreq,moneyfreq
subreddit,count(1),sum(wordcount),ingestfreq,causefreq,insightfreq,cogmechfreq,sadfreq,inhibfreq,certainfreq,tentatfreq,discrepfreq,spacefreq,timefreq,exclfreq,inclfreq,relativfreq,motionfreq,quantfreq,numberfreq,swearfreq,functfreq,absolutistfreq,ppronfreq,pronounfreq,wefreq,ifreq,shehefreq,youfreq,ipronfreq,theyfreq,deathfreq,biofreq,bodyfreq,hearfreq,feelfreq,perceptfreq,seefreq,fillerfreq,healthfreq,sexualfreq,socialfreq,familyfreq,friendfreq,humansfreq,affectfreq,posemofreq,negemofreq,anxfreq,angerfreq,assentfreq,nonflfreq,verbfreq,articlefreq,pastfreq,auxverbfreq,futurefreq,presentfreq,prepsfreq,adverbfreq,negatefreq,conjfreq,homefreq,leisurefreq,achievefreq,workfreq,religfreq,moneyfreq
subreddit,count(1),sum(wordcount),ingestfreq,causefreq,insightfreq,cogmechfreq,sadfreq,inhibfreq,certainfreq,tentatfreq,discrepfreq,spacefreq,timefreq,exclfreq,inclfreq,relativfreq,motionfreq,quantfreq,numberfreq,swearfreq,functfreq,absolutistfreq,ppronfreq,pronounfreq,wefreq,ifreq,shehefreq,youfreq,ipronfreq,theyfreq,deathfreq,biofreq,bodyfreq,hearfreq,feelfreq,perceptfreq,seefreq,fillerfreq,healthfreq,sexualfreq,socialfreq,familyfreq,friendfreq,humansfreq,affectfreq,posemofreq,negemofreq,anxfreq,angerfreq,assentfreq,nonflfreq,verbfreq,articlefreq,pastfreq,auxverbfreq,futurefreq,presentfreq,prepsfreq,adverbfreq,negatefreq,conjfreq,homefreq,leisurefreq,achievefreq,workfreq,religfreq,moneyfreq
subreddit,count(1),sum(wordcount),ingestfreq,causefreq,insightfreq,cogmechfreq,sadfreq,inhibfreq,certainfreq,tentatfreq,discrepfreq,spacefreq,timefreq,exclfreq,inclfreq,relativfreq,motionfreq,quantfreq,numberfreq,swearfreq,functfreq,absolutistfreq,ppronfreq,pronounfreq,wefreq,ifreq,shehefreq,youfreq,ipronfreq,theyfreq,deathfreq,biofreq,bodyfreq,hearfreq,feelfreq,perceptfreq,seefreq,fillerfreq,healthfreq,sexualfreq,socialfreq,familyfreq,friendfreq,humansfreq,affectfreq,posemofreq,negemofreq,anxfreq,angerfreq,assentfreq,nonflfreq,verbfreq,articlefreq,pastfreq,auxverbfreq,futurefreq,presentfreq,prepsfreq,adverbfreq,negatefreq,conjfreq,homefreq,leisurefreq,achievefreq,workfreq,religfreq,moneyfreq
subreddit,count(1),sum(wordcount),ingestfreq,causefreq,insightfreq,cogmechfreq,sadfreq,inhibfreq,certainfreq,tentatfreq,discrepfreq,spacefreq,timefreq,exclfreq,inclfreq,relativfreq,motionfreq,quantfreq,numberfreq,swearfreq,functfreq,absolutistfreq,ppronfreq,pronounfreq,wefreq,ifreq,shehefreq,youfreq,ipronfreq,theyfreq,deathfreq,biofreq,bodyfreq,hearfreq,feelfreq,perceptfreq,seefreq,fillerfreq,healthfreq,sexualfreq,socialfreq,familyfreq,friendfreq,humansfreq,affectfreq,posemofreq,negemofreq,anxfreq,angerfreq,assentfreq,nonflfreq,verbfreq,articlefreq,pastfreq,auxverbfreq,futurefreq,presentfreq,prepsfreq,adverbfreq,negatefreq,conjfreq,homefreq,leisurefreq,achievefreq,workfreq,religfreq,moneyfreq
subreddit,count(1),sum(wordcount),ingestfreq,causefreq,insightfreq,cogmechfreq,sadfreq,inhibfreq,certainfreq,tentatfreq,discrepfreq,spacefreq,timefreq,exclfreq,inclfreq,relativfreq,motionfreq,quantfreq,numberfreq,swearfreq,functfreq,absolutistfreq,ppronfreq,pronounfreq,wefreq,ifreq,shehefreq,youfreq,ipronfreq,theyfreq,deathfreq,biofreq,bodyfreq,hearfreq,feelfreq,perceptfreq,seefreq,fillerfreq,healthfreq,sexualfreq,socialfreq,familyfreq,friendfreq,humansfreq,affectfreq,posemofreq,negemofreq,anxfreq,angerfreq,assentfreq,nonflfreq,verbfreq,articlefreq,pastfreq,auxverbfreq,futurefreq,presentfreq,prepsfreq,adverbfreq,negatefreq,conjfreq,homefreq,leisurefreq,achievefreq,workfreq,religfreq,moneyfreq
subreddit,count(1),sum(wordcount),ingestfreq,causefreq,insightfreq,cogmechfreq,sadfreq,inhibfreq,certainfreq,tentatfreq,discrepfreq,spacefreq,timefreq,exclfreq,inclfreq,relativfreq,motionfreq,quantfreq,numberfreq,swearfreq,functfreq,absolutistfreq,ppronfreq,pronounfreq,wefreq,ifreq,shehefreq,youfreq,ipronfreq,theyfreq,deathfreq,biofreq,bodyfreq,hearfreq,feelfreq,perceptfreq,seefreq,fillerfreq,healthfreq,sexualfreq,socialfreq,familyfreq,friendfreq,humansfreq,affectfreq,posemofreq,negemofreq,anxfreq,angerfreq,assentfreq,nonflfreq,verbfreq,articlefreq,pastfreq,auxverbfreq,futurefreq,presentfreq,prepsfreq,adverbfreq,negatefreq,conjfreq,homefreq,leisurefreq,achievefreq,workfreq,religfreq,moneyfreq
subreddit,count(1),sum(wordcount),ingestfreq,causefreq,insightfreq,cogmechfreq,sadfreq,inhibfreq,certainfreq,tentatfreq,discrepfreq,spacefreq,timefreq,exclfreq,inclfreq,relativfreq,motionfreq,quantfreq,numberfreq,swearfreq,functfreq,absolutistfreq,ppronfreq,pronounfreq,wefreq,ifreq,shehefreq,youfreq,ipronfreq,theyfreq,deathfreq,biofreq,bodyfreq,hearfreq,feelfreq,perceptfreq,seefreq,fillerfreq,healthfreq,sexualfreq,socialfreq,familyfreq,friendfreq,humansfreq,affectfreq,posemofreq,negemofreq,anxfreq,angerfreq,assentfreq,nonflfreq,verbfreq,articlefreq,pastfreq,auxverbfreq,futurefreq,presentfreq,prepsfreq,adverbfreq,negatefreq,conjfreq,homefreq,leisurefreq,achievefreq,workfreq,religfreq,moneyfreq
subreddit,count(1),sum(wordcount),ingestfreq,causefreq,insightfreq,cogmechfreq,sadfreq,inhibfreq,certainfreq,tentatfreq,discrepfreq,spacefreq,timefreq,exclfreq,inclfreq,relativfreq,motionfreq,quantfreq,numberfreq,swearfreq,functfreq,absolutistfreq,ppronfreq,pronounfreq,wefreq,ifreq,shehefreq,youfreq,ipronfreq,theyfreq,deathfreq,biofreq,bodyfreq,hearfreq,feelfreq,perceptfreq,seefreq,fillerfreq,healthfreq,sexualfreq,socialfreq,familyfreq,friendfreq,humansfreq,affectfreq,posemofreq,negemofreq,anxfreq,angerfreq,assentfreq,nonflfreq,verbfreq,articlefreq,pastfreq,auxverbfreq,futurefreq,presentfreq,prepsfreq,adverbfreq,negatefreq,conjfreq,homefreq,leisurefreq,achievefreq,workfreq,religfreq,moneyfreq
subreddit,count(1),sum(wordcount),ingestfreq,causefreq,insightfreq,cogmechfreq,sadfreq,inhibfreq,certainfreq,tentatfreq,discrepfreq,spacefreq,timefreq,exclfreq,inclfreq,relativfreq,motionfreq,quantfreq,numberfreq,swearfreq,functfreq,absolutistfreq,ppronfreq,pronounfreq,wefreq,ifreq,shehefreq,youfreq,ipronfreq,theyfreq,deathfreq,biofreq,bodyfreq,hearfreq,feelfreq,perceptfreq,seefreq,fillerfreq,healthfreq,sexualfreq,socialfreq,familyfreq,friendfreq,humansfreq,affectfreq,posemofreq,negemofreq,anxfreq,angerfreq,assentfreq,nonflfreq,verbfreq,articlefreq,pastfreq,auxverbfreq,futurefreq,presentfreq,prepsfreq,adverbfreq,negatefreq,conjfreq,homefreq,leisurefreq,achievefreq,workfreq,religfreq,moneyfreq
subreddit,count(1),sum(wordcount),ingestfreq,causefreq,insightfreq,cogmechfreq,sadfreq,inhibfreq,certainfreq,tentatfreq,discrepfreq,spacefreq,timefreq,exclfreq,inclfreq,relativfreq,motionfreq,quantfreq,numberfreq,swearfreq,functfreq,absolutistfreq,ppronfreq,pronounfreq,wefreq,ifreq,shehefreq,youfreq,ipronfreq,theyfreq,deathfreq,biofreq,bodyfreq,hearfreq,feelfreq,perceptfreq,seefreq,fillerfreq,healthfreq,sexualfreq,socialfreq,familyfreq,friendfreq,humansfreq,affectfreq,posemofreq,negemofreq,anxfreq,angerfreq,assentfreq,nonflfreq,verbfreq,articlefreq,pastfreq,auxverbfreq,futurefreq,presentfreq,prepsfreq,adverbfreq,negatefreq,conjfreq,homefreq,leisurefreq,achievefreq,workfreq,religfreq,moneyfreq
subreddit,count(1),sum(wordcount),ingestfreq,causefreq,insightfreq,cogmechfreq,sadfreq,inhibfreq,certainfreq,tentatfreq,discrepfreq,spacefreq,timefreq,exclfreq,inclfreq,relativfreq,motionfreq,quantfreq,numberfreq,swearfreq,functfreq,absolutistfreq,ppronfreq,pronounfreq,wefreq,ifreq,shehefreq,youfreq,ipronfreq,theyfreq,deathfreq,biofreq,bodyfreq,hearfreq,feelfreq,perceptfreq,seefreq,fillerfreq,healthfreq,sexualfreq,socialfreq,familyfreq,friendfreq,humansfreq,affectfreq,posemofreq,negemofreq,anxfreq,angerfreq,assentfreq,nonflfreq,verbfreq,articlefreq,pastfreq,auxverbfreq,futurefreq,presentfreq,prepsfreq,adverbfreq,negatefreq,conjfreq,homefreq,leisurefreq,achievefreq,workfreq,religfreq,moneyfreq
subreddit,count(1),sum(wordcount),ingestfreq,causefreq,insightfreq,cogmechfreq,sadfreq,inhibfreq,certainfreq,tentatfreq,discrepfreq,spacefreq,timefreq,exclfreq,inclfreq,relativfreq,motionfreq,quantfreq,numberfreq,swearfreq,functfreq,absolutistfreq,ppronfreq,pronounfreq,wefreq,ifreq,shehefreq,youfreq,ipronfreq,theyfreq,deathfreq,biofreq,bodyfreq,hearfreq,feelfreq,perceptfreq,seefreq,fillerfreq,healthfreq,sexualfreq,socialfreq,familyfreq,friendfreq,humansfreq,affectfreq,posemofreq,negemofreq,anxfreq,angerfreq,assentfreq,nonflfreq,verbfreq,articlefreq,pastfreq,auxverbfreq,futurefreq,presentfreq,prepsfreq,adverbfreq,negatefreq,conjfreq,homefreq,leisurefreq,achievefreq,workfreq,religfreq,moneyfreq
subreddit,count(1),sum(wordcount),ingestfreq,causefreq,insightfreq,cogmechfreq,sadfreq,inhibfreq,certainfreq,tentatfreq,discrepfreq,spacefreq,timefreq,exclfreq,inclfreq,relativfreq,motionfreq,quantfreq,numberfreq,swearfreq,functfreq,absolutistfreq,ppronfreq,pronounfreq,wefreq,ifreq,shehefreq,youfreq,ipronfreq,theyfreq,deathfreq,biofreq,bodyfreq,hearfreq,feelfreq,perceptfreq,seefreq,fillerfreq,healthfreq,sexualfreq,socialfreq,familyfreq,friendfreq,humansfreq,affectfreq,posemofreq,negemofreq,anxfreq,angerfreq,assentfreq,nonflfreq,verbfreq,articlefreq,pastfreq,auxverbfreq,futurefreq,presentfreq,prepsfreq,adverbfreq,negatefreq,conjfreq,homefreq,leisurefreq,achievefreq,workfreq,religfreq,moneyfreq
subreddit,count(1),sum(wordcount),ingestfreq,causefreq,insightfreq,cogmechfreq,sadfreq,inhibfreq,certainfreq,tentatfreq,discrepfreq,spacefreq,timefreq,exclfreq,inclfreq,relativfreq,motionfreq,quantfreq,numberfreq,swearfreq,functfreq,absolutistfreq,ppronfreq,pronounfreq,wefreq,ifreq,shehefreq,youfreq,ipronfreq,theyfreq,deathfreq,biofreq,bodyfreq,hearfreq,feelfreq,perceptfreq,seefreq,fillerfreq,healthfreq,sexualfreq,socialfreq,familyfreq,friendfreq,humansfreq,affectfreq,posemofreq,negemofreq,anxfreq,angerfreq,assentfreq,nonflfreq,verbfreq,articlefreq,pastfreq,auxverbfreq,futurefreq,presentfreq,prepsfreq,adverbfreq,negatefreq,conjfreq,homefreq,leisurefreq,achievefreq,workfreq,religfreq,moneyfreq
subreddit,count(1),sum(wordcount),ingestfreq,causefreq,insightfreq,cogmechfreq,sadfreq,inhibfreq,certainfreq,tentatfreq,discrepfreq,spacefreq,timefreq,exclfreq,inclfreq,relativfreq,motionfreq,quantfreq,numberfreq,swearfreq,functfreq,absolutistfreq,ppronfreq,pronounfreq,wefreq,ifreq,shehefreq,youfreq,ipronfreq,theyfreq,deathfreq,biofreq,bodyfreq,hearfreq,feelfreq,perceptfreq,seefreq,fillerfreq,healthfreq,sexualfreq,socialfreq,familyfreq,friendfreq,humansfreq,affectfreq,posemofreq,negemofreq,anxfreq,angerfreq,assentfreq,nonflfreq,verbfreq,articlefreq,pastfreq,auxverbfreq,futurefreq,presentfreq,prepsfreq,adverbfreq,negatefreq,conjfreq,homefreq,leisurefreq,achievefreq,workfreq,religfreq,moneyfreq
subreddit,count(1),sum(wordcount),ingestfreq,causefreq,insightfreq,cogmechfreq,sadfreq,inhibfreq,certainfreq,tentatfreq,discrepfreq,spacefreq,timefreq,exclfreq,inclfreq,relativfreq,motionfreq,quantfreq,numberfreq,swearfreq,functfreq,absolutistfreq,ppronfreq,pronounfreq,wefreq,ifreq,shehefreq,youfreq,ipronfreq,theyfreq,deathfreq,biofreq,bodyfreq,hearfreq,feelfreq,perceptfreq,seefreq,fillerfreq,healthfreq,sexualfreq,socialfreq,familyfreq,friendfreq,humansfreq,affectfreq,posemofreq,negemofreq,anxfreq,angerfreq,assentfreq,nonflfreq,verbfreq,articlefreq,pastfreq,auxverbfreq,futurefreq,presentfreq,prepsfreq,adverbfreq,negatefreq,conjfreq,homefreq,leisurefreq,achievefreq,workfreq,religfreq,moneyfreq
subreddit,count(1),sum(wordcount),ingestfreq,causefreq,insightfreq,cogmechfreq,sadfreq,inhibfreq,certainfreq,tentatfreq,discrepfreq,spacefreq,timefreq,exclfreq,inclfreq,relativfreq,motionfreq,quantfreq,numberfreq,swearfreq,functfreq,absolutistfreq,ppronfreq,pronounfreq,wefreq,ifreq,shehefreq,youfreq,ipronfreq,theyfreq,deathfreq,biofreq,bodyfreq,hearfreq,feelfreq,perceptfreq,seefreq,fillerfreq,healthfreq,sexualfreq,socialfreq,familyfreq,friendfreq,humansfreq,affectfreq,posemofreq,negemofreq,anxfreq,angerfreq,assentfreq,nonflfreq,verbfreq,articlefreq,pastfreq,auxverbfreq,futurefreq,presentfreq,prepsfreq,adverbfreq,negatefreq,conjfreq,homefreq,leisurefreq,achievefreq,workfreq,religfreq,moneyfreq
subreddit,count(1),sum(wordcount),ingestfreq,causefreq,insightfreq,cogmechfreq,sadfreq,inhibfreq,certainfreq,tentatfreq,discrepfreq,spacefreq,timefreq,exclfreq,inclfreq,relativfreq,motionfreq,quantfreq,numberfreq,swearfreq,functfreq,absolutistfreq,ppronfreq,pronounfreq,wefreq,ifreq,shehefreq,youfreq,ipronfreq,theyfreq,deathfreq,biofreq,bodyfreq,hearfreq,feelfreq,perceptfreq,seefreq,fillerfreq,healthfreq,sexualfreq,socialfreq,familyfreq,friendfreq,humansfreq,affectfreq,posemofreq,negemofreq,anxfreq,angerfreq,assentfreq,nonflfreq,verbfreq,articlefreq,pastfreq,auxverbfreq,futurefreq,presentfreq,prepsfreq,adverbfreq,negatefreq,conjfreq,homefreq,leisurefreq,achievefreq,workfreq,religfreq,moneyfreq
subreddit,count(1),sum(wordcount),ingestfreq,causefreq,insightfreq,cogmechfreq,sadfreq,inhibfreq,certainfreq,tentatfreq,discrepfreq,spacefreq,timefreq,exclfreq,inclfreq,relativfreq,motionfreq,quantfreq,numberfreq,swearfreq,functfreq,absolutistfreq,ppronfreq,pronounfreq,wefreq,ifreq,shehefreq,youfreq,ipronfreq,theyfreq,deathfreq,biofreq,bodyfreq,hearfreq,feelfreq,perceptfreq,seefreq,fillerfreq,healthfreq,sexualfreq,socialfreq,familyfreq,friendfreq,humansfreq,affectfreq,posemofreq,negemofreq,anxfreq,angerfreq,assentfreq,nonflfreq,verbfreq,articlefreq,pastfreq,auxverbfreq,futurefreq,presentfreq,prepsfreq,adverbfreq,negatefreq,conjfreq,homefreq,leisurefreq,achievefreq,workfreq,religfreq,moneyfreq
subreddit,count(1),sum(wordcount),ingestfreq,causefreq,insightfreq,cogmechfreq,sadfreq,inhibfreq,certainfreq,tentatfreq,discrepfreq,spacefreq,timefreq,exclfreq,inclfreq,relativfreq,motionfreq,quantfreq,numberfreq,swearfreq,functfreq,absolutistfreq,ppronfreq,pronounfreq,wefreq,ifreq,shehefreq,youfreq,ipronfreq,theyfreq,deathfreq,biofreq,bodyfreq,hearfreq,feelfreq,perceptfreq,seefreq,fillerfreq,healthfreq,sexualfreq,socialfreq,familyfreq,friendfreq,humansfreq,affectfreq,posemofreq,negemofreq,anxfreq,angerfreq,assentfreq,nonflfreq,verbfreq,articlefreq,pastfreq,auxverbfreq,futurefreq,presentfreq,prepsfreq,adverbfreq,negatefreq,conjfreq,homefreq,leisurefreq,achievefreq,workfreq,religfreq,moneyfreq
subreddit,count(1),sum(wordcount),ingestfreq,causefreq,insightfreq,cogmechfreq,sadfreq,inhibfreq,certainfreq,tentatfreq,discrepfreq,spacefreq,timefreq,exclfreq,inclfreq,relativfreq,motionfreq,quantfreq,numberfreq,swearfreq,functfreq,absolutistfreq,ppronfreq,pronounfreq,wefreq,ifreq,shehefreq,youfreq,ipronfreq,theyfreq,deathfreq,biofreq,bodyfreq,hearfreq,feelfreq,perceptfreq,seefreq,fillerfreq,healthfreq,sexualfreq,socialfreq,familyfreq,friendfreq,humansfreq,affectfreq,posemofreq,negemofreq,anxfreq,angerfreq,assentfreq,nonflfreq,verbfreq,articlefreq,pastfreq,auxverbfreq,futurefreq,presentfreq,prepsfreq,adverbfreq,negatefreq,conjfreq,homefreq,leisurefreq,achievefreq,workfreq,religfreq,moneyfreq
subreddit,count(1),sum(wordcount),ingestfreq,causefreq,insightfreq,cogmechfreq,sadfreq,inhibfreq,certainfreq,tentatfreq,discrepfreq,spacefreq,timefreq,exclfreq,inclfreq,relativfreq,motionfreq,quantfreq,numberfreq,swearfreq,functfreq,absolutistfreq,ppronfreq,pronounfreq,wefreq,ifreq,shehefreq,youfreq,ipronfreq,theyfreq,deathfreq,biofreq,bodyfreq,hearfreq,feelfreq,perceptfreq,seefreq,fillerfreq,healthfreq,sexualfreq,socialfreq,familyfreq,friendfreq,humansfreq,affectfreq,posemofreq,negemofreq,anxfreq,angerfreq,assentfreq,nonflfreq,verbfreq,articlefreq,pastfreq,auxverbfreq,futurefreq,presentfreq,prepsfreq,adverbfreq,negatefreq,conjfreq,homefreq,leisurefreq,achievefreq,workfreq,religfreq,moneyfreq
subreddit,count(1),sum(wordcount),ingestfreq,causefreq,insightfreq,cogmechfreq,sadfreq,inhibfreq,certainfreq,tentatfreq,discrepfreq,spacefreq,timefreq,exclfreq,inclfreq,relativfreq,motionfreq,quantfreq,numberfreq,swearfreq,functfreq,absolutistfreq,ppronfreq,pronounfreq,wefreq,ifreq,shehefreq,youfreq,ipronfreq,theyfreq,deathfreq,biofreq,bodyfreq,hearfreq,feelfreq,perceptfreq,seefreq,fillerfreq,healthfreq,sexualfreq,socialfreq,familyfreq,friendfreq,humansfreq,affectfreq,posemofreq,negemofreq,anxfreq,angerfreq,assentfreq,nonflfreq,verbfreq,articlefreq,pastfreq,auxverbfreq,futurefreq,presentfreq,prepsfreq,adverbfreq,negatefreq,conjfreq,homefreq,leisurefreq,achievefreq,workfreq,religfreq,moneyfreq
subreddit,count(1),sum(wordcount),ingestfreq,causefreq,insightfreq,cogmechfreq,sadfreq,inhibfreq,certainfreq,tentatfreq,discrepfreq,spacefreq,timefreq,exclfreq,inclfreq,relativfreq,motionfreq,quantfreq,numberfreq,swearfreq,functfreq,absolutistfreq,ppronfreq,pronounfreq,wefreq,ifreq,shehefreq,youfreq,ipronfreq,theyfreq,deathfreq,biofreq,bodyfreq,hearfreq,feelfreq,perceptfreq,seefreq,fillerfreq,healthfreq,sexualfreq,socialfreq,familyfreq,friendfreq,humansfreq,affectfreq,posemofreq,negemofreq,anxfreq,angerfreq,assentfreq,nonflfreq,verbfreq,articlefreq,pastfreq,auxverbfreq,futurefreq,presentfreq,prepsfreq,adverbfreq,negatefreq,conjfreq,homefreq,leisurefreq,achievefreq,workfreq,religfreq,moneyfreq
